Workbook

Sheet How to use
A1: TCVS Resident Operative Logbook
A3: Purpose | B3: One row per operation you take part in. Name your supervising consultant; no sign-off is needed. Your consultant reviews your progress monthly.
A4: Fill in | B4: Pale-yellow cells on the Logbook sheet. Choose from the drop-down lists where offered. Row 2 is a worked example: keep it or delete it.
A5: Privacy | B5: Record NO patient names, hospital numbers or dates of birth. Use your own case code (e.g. 2026-041) that only you can trace in the theatre register.
A6: Summary | B6: The Summary sheet counts your cases by area and level of involvement automatically (consolidated logbook).
A7: Online | B7: The same fields are in COVA (operative-atlas.pages.dev): sign in as a resident, open Logbook. Cases are recorded as you enter them, with the progress analysis built in.
A8: Codes | B8: Level of involvement uses the intercollegiate eLogbook (ISCP) supervision codes, below.
A10: Code | B10: Meaning | C10: Definition (ISCP logbook supervision codes)
A11: O | B11: Observed | C11: Procedure observed by an unscrubbed trainee, present for at least 70% of the operation.
A12: A2 | B12: Second assistant | C12: Scrubbed as second assistant: retraction, suction, exposure; the trainee performs no key component.
A13: A | B13: Assisted | C13: The trainer performs the key components; the trainee may perform the approach and/or the closure.
A14: S-TS | B14: Supervised, trainer scrubbed | C14: The trainee performs the key components with the trainer scrubbed (even if the trainer is "only assisting").
A15: S-TU | B15: Supervised, trainer unscrubbed | C15: The trainee performs the key components with the trainer unscrubbed but in theatre for at least 70% of the operation.
A16: P | B16: Performed | C16: The trainee completes the key components; the trainer is unscrubbed throughout and present for less than 70%.
A17: T | B17: Training | C17: The trainee trains a more junior trainee through the key components.
A19: Source | B19: ISCP. Logbook supervision code guide. https://www.iscp.ac.uk/media/1447/logbook-supervision-code-guide-for-website.pdf
A20: Note | B20: Template proposed for the KNH/UoN TCVS programme, modelled on the intercollegiate eLogbook. Indicative numbers per procedure are set by the programme: add them in the Target column of the Summary sheet.

Sheet Logbook
A1: No. | B1: Date | C1: Hospital | D1: Case code | E1: Age | F1: Age unit | G1: Sex | H1: Urgency | I1: Area | J1: Diagnosis / indication | K1: Procedure | L1: Approach | M1: Level | N1: Supervising consultant | O1: CPB (min) | P1: Cross-clamp (min) | Q1: Circ. arrest (min) | R1: Blood loss (ml) | S1: Complication | T1: Clavien-Dindo | U1: Back to theatre | V1: 30-day outcome | W1: Stay (days) | X1: Reflection / learning point
A2: 1 | B2: 2026-10-08 | C2: Kenyatta National Hospital | D2: 2026-041 | E2: 29 | F2: years | G2: F | H2: Elective | I2: Adult cardiac | J2: Severe rheumatic mitral stenosis, AF, Wilkins 10 | K2: Mitral valve replacement · Rheumatic MS, AF, LA thrombus (sternotomy) | L2: Median sternotomy | M2: S-TS | N2: Dr A. Consultant | O2: 95 | P2: 70 | R2: 400 | S2: None | U2: No | V2: Alive | W2: 7 | X2: Chordal-sparing technique: kept the posterior leaflet
A3: =IF(B3="","",ROW()-1)
A4: =IF(B4="","",ROW()-1)
A5: =IF(B5="","",ROW()-1)
A6: =IF(B6="","",ROW()-1)
A7: =IF(B7="","",ROW()-1)
A8: =IF(B8="","",ROW()-1)
A9: =IF(B9="","",ROW()-1)
A10: =IF(B10="","",ROW()-1)
A11: =IF(B11="","",ROW()-1)
A12: =IF(B12="","",ROW()-1)
A13: =IF(B13="","",ROW()-1)
A14: =IF(B14="","",ROW()-1)
... A501: =IF(B501="","",ROW()-1)

Sheet Summary
A1: Consolidated logbook summary
A2: Counts update from the Logbook sheet (the worked example in row 2 is counted until you delete it).
A4: By area | B4: O | C4: A2 | D4: A | E4: S-TS | F4: S-TU | G4: P | H4: T | I4: Total | J4: Target
A5: Adult cardiac | B5: =COUNTIFS(Logbook!$I$2:$I$501,$A5,Logbook!$M$2:$M$501,"O") -> 0 | C5: =COUNTIFS(Logbook!$I$2:$I$501,$A5,Logbook!$M$2:$M$501,"A2") -> 0 | D5: =COUNTIFS(Logbook!$I$2:$I$501,$A5,Logbook!$M$2:$M$501,"A") -> 0 | E5: =COUNTIFS(Logbook!$I$2:$I$501,$A5,Logbook!$M$2:$M$501,"S-TS") -> 1 | F5: =COUNTIFS(Logbook!$I$2:$I$501,$A5,Logbook!$M$2:$M$501,"S-TU") -> 0 | G5: =COUNTIFS(Logbook!$I$2:$I$501,$A5,Logbook!$M$2:$M$501,"P") -> 0 | H5: =COUNTIFS(Logbook!$I$2:$I$501,$A5,Logbook!$M$2:$M$501,"T") -> 0 | I5: =SUM(B5:H5) -> 1
A6: Congenital cardiac | B6: =COUNTIFS(Logbook!$I$2:$I$501,$A6,Logbook!$M$2:$M$501,"O") -> 0 | C6: =COUNTIFS(Logbook!$I$2:$I$501,$A6,Logbook!$M$2:$M$501,"A2") -> 0 | D6: =COUNTIFS(Logbook!$I$2:$I$501,$A6,Logbook!$M$2:$M$501,"A") -> 0 | E6: =COUNTIFS(Logbook!$I$2:$I$501,$A6,Logbook!$M$2:$M$501,"S-TS") -> 0 | F6: =COUNTIFS(Logbook!$I$2:$I$501,$A6,Logbook!$M$2:$M$501,"S-TU") -> 0 | G6: =COUNTIFS(Logbook!$I$2:$I$501,$A6,Logbook!$M$2:$M$501,"P") -> 0 | H6: =COUNTIFS(Logbook!$I$2:$I$501,$A6,Logbook!$M$2:$M$501,"T") -> 0 | I6: =SUM(B6:H6) -> 0
A7: General thoracic | B7: =COUNTIFS(Logbook!$I$2:$I$501,$A7,Logbook!$M$2:$M$501,"O") -> 0 | C7: =COUNTIFS(Logbook!$I$2:$I$501,$A7,Logbook!$M$2:$M$501,"A2") -> 0 | D7: =COUNTIFS(Logbook!$I$2:$I$501,$A7,Logbook!$M$2:$M$501,"A") -> 0 | E7: =COUNTIFS(Logbook!$I$2:$I$501,$A7,Logbook!$M$2:$M$501,"S-TS") -> 0 | F7: =COUNTIFS(Logbook!$I$2:$I$501,$A7,Logbook!$M$2:$M$501,"S-TU") -> 0 | G7: =COUNTIFS(Logbook!$I$2:$I$501,$A7,Logbook!$M$2:$M$501,"P") -> 0 | H7: =COUNTIFS(Logbook!$I$2:$I$501,$A7,Logbook!$M$2:$M$501,"T") -> 0 | I7: =SUM(B7:H7) -> 0
A8: Esophageal | B8: =COUNTIFS(Logbook!$I$2:$I$501,$A8,Logbook!$M$2:$M$501,"O") -> 0 | C8: =COUNTIFS(Logbook!$I$2:$I$501,$A8,Logbook!$M$2:$M$501,"A2") -> 0 | D8: =COUNTIFS(Logbook!$I$2:$I$501,$A8,Logbook!$M$2:$M$501,"A") -> 0 | E8: =COUNTIFS(Logbook!$I$2:$I$501,$A8,Logbook!$M$2:$M$501,"S-TS") -> 0 | F8: =COUNTIFS(Logbook!$I$2:$I$501,$A8,Logbook!$M$2:$M$501,"S-TU") -> 0 | G8: =COUNTIFS(Logbook!$I$2:$I$501,$A8,Logbook!$M$2:$M$501,"P") -> 0 | H8: =COUNTIFS(Logbook!$I$2:$I$501,$A8,Logbook!$M$2:$M$501,"T") -> 0 | I8: =SUM(B8:H8) -> 0
A9: Airway | B9: =COUNTIFS(Logbook!$I$2:$I$501,$A9,Logbook!$M$2:$M$501,"O") -> 0 | C9: =COUNTIFS(Logbook!$I$2:$I$501,$A9,Logbook!$M$2:$M$501,"A2") -> 0 | D9: =COUNTIFS(Logbook!$I$2:$I$501,$A9,Logbook!$M$2:$M$501,"A") -> 0 | E9: =COUNTIFS(Logbook!$I$2:$I$501,$A9,Logbook!$M$2:$M$501,"S-TS") -> 0 | F9: =COUNTIFS(Logbook!$I$2:$I$501,$A9,Logbook!$M$2:$M$501,"S-TU") -> 0 | G9: =COUNTIFS(Logbook!$I$2:$I$501,$A9,Logbook!$M$2:$M$501,"P") -> 0 | H9: =COUNTIFS(Logbook!$I$2:$I$501,$A9,Logbook!$M$2:$M$501,"T") -> 0 | I9: =SUM(B9:H9) -> 0
A10: Vascular (open) | B10: =COUNTIFS(Logbook!$I$2:$I$501,$A10,Logbook!$M$2:$M$501,"O") -> 0 | C10: =COUNTIFS(Logbook!$I$2:$I$501,$A10,Logbook!$M$2:$M$501,"A2") -> 0 | D10: =COUNTIFS(Logbook!$I$2:$I$501,$A10,Logbook!$M$2:$M$501,"A") -> 0 | E10: =COUNTIFS(Logbook!$I$2:$I$501,$A10,Logbook!$M$2:$M$501,"S-TS") -> 0 | F10: =COUNTIFS(Logbook!$I$2:$I$501,$A10,Logbook!$M$2:$M$501,"S-TU") -> 0 | G10: =COUNTIFS(Logbook!$I$2:$I$501,$A10,Logbook!$M$2:$M$501,"P") -> 0 | H10: =COUNTIFS(Logbook!$I$2:$I$501,$A10,Logbook!$M$2:$M$501,"T") -> 0 | I10: =SUM(B10:H10) -> 0
A11: Endovascular | B11: =COUNTIFS(Logbook!$I$2:$I$501,$A11,Logbook!$M$2:$M$501,"O") -> 0 | C11: =COUNTIFS(Logbook!$I$2:$I$501,$A11,Logbook!$M$2:$M$501,"A2") -> 0 | D11: =COUNTIFS(Logbook!$I$2:$I$501,$A11,Logbook!$M$2:$M$501,"A") -> 0 | E11: =COUNTIFS(Logbook!$I$2:$I$501,$A11,Logbook!$M$2:$M$501,"S-TS") -> 0 | F11: =COUNTIFS(Logbook!$I$2:$I$501,$A11,Logbook!$M$2:$M$501,"S-TU") -> 0 | G11: =COUNTIFS(Logbook!$I$2:$I$501,$A11,Logbook!$M$2:$M$501,"P") -> 0 | H11: =COUNTIFS(Logbook!$I$2:$I$501,$A11,Logbook!$M$2:$M$501,"T") -> 0 | I11: =SUM(B11:H11) -> 0
A12: Trauma | B12: =COUNTIFS(Logbook!$I$2:$I$501,$A12,Logbook!$M$2:$M$501,"O") -> 0 | C12: =COUNTIFS(Logbook!$I$2:$I$501,$A12,Logbook!$M$2:$M$501,"A2") -> 0 | D12: =COUNTIFS(Logbook!$I$2:$I$501,$A12,Logbook!$M$2:$M$501,"A") -> 0 | E12: =COUNTIFS(Logbook!$I$2:$I$501,$A12,Logbook!$M$2:$M$501,"S-TS") -> 0 | F12: =COUNTIFS(Logbook!$I$2:$I$501,$A12,Logbook!$M$2:$M$501,"S-TU") -> 0 | G12: =COUNTIFS(Logbook!$I$2:$I$501,$A12,Logbook!$M$2:$M$501,"P") -> 0 | H12: =COUNTIFS(Logbook!$I$2:$I$501,$A12,Logbook!$M$2:$M$501,"T") -> 0 | I12: =SUM(B12:H12) -> 0
A13: Access / other | B13: =COUNTIFS(Logbook!$I$2:$I$501,$A13,Logbook!$M$2:$M$501,"O") -> 0 | C13: =COUNTIFS(Logbook!$I$2:$I$501,$A13,Logbook!$M$2:$M$501,"A2") -> 0 | D13: =COUNTIFS(Logbook!$I$2:$I$501,$A13,Logbook!$M$2:$M$501,"A") -> 0 | E13: =COUNTIFS(Logbook!$I$2:$I$501,$A13,Logbook!$M$2:$M$501,"S-TS") -> 0 | F13: =COUNTIFS(Logbook!$I$2:$I$501,$A13,Logbook!$M$2:$M$501,"S-TU") -> 0 | G13: =COUNTIFS(Logbook!$I$2:$I$501,$A13,Logbook!$M$2:$M$501,"P") -> 0 | H13: =COUNTIFS(Logbook!$I$2:$I$501,$A13,Logbook!$M$2:$M$501,"T") -> 0 | I13: =SUM(B13:H13) -> 0
A14: All areas | B14: =SUM(B5:B13) -> 0 | C14: =SUM(C5:C13) -> 0 | D14: =SUM(D5:D13) -> 0 | E14: =SUM(E5:E13) -> 1 | F14: =SUM(F5:F13) -> 0 | G14: =SUM(G5:G13) -> 0 | H14: =SUM(H5:H13) -> 0 | I14: =SUM(I5:I13) -> 1
A17: By procedure | B17: O | C17: A2 | D17: A | E17: S-TS | F17: S-TU | G17: P | H17: T | I17: Total | J17: Target
A18: Aortic root replacement · Bentall (composite valved graft) | B18: =COUNTIFS(Logbook!$K$2:$K$501,$A18,Logbook!$M$2:$M$501,"O") -> 0 | C18: =COUNTIFS(Logbook!$K$2:$K$501,$A18,Logbook!$M$2:$M$501,"A2") -> 0 | D18: =COUNTIFS(Logbook!$K$2:$K$501,$A18,Logbook!$M$2:$M$501,"A") -> 0 | E18: =COUNTIFS(Logbook!$K$2:$K$501,$A18,Logbook!$M$2:$M$501,"S-TS") -> 0 | F18: =COUNTIFS(Logbook!$K$2:$K$501,$A18,Logbook!$M$2:$M$501,"S-TU") -> 0 | G18: =COUNTIFS(Logbook!$K$2:$K$501,$A18,Logbook!$M$2:$M$501,"P") -> 0 | H18: =COUNTIFS(Logbook!$K$2:$K$501,$A18,Logbook!$M$2:$M$501,"T") -> 0 | I18: =SUM(B18:H18) -> 0
A19: Aortic root replacement · Ross (pulmonary autograft) | B19: =COUNTIFS(Logbook!$K$2:$K$501,$A19,Logbook!$M$2:$M$501,"O") -> 0 | C19: =COUNTIFS(Logbook!$K$2:$K$501,$A19,Logbook!$M$2:$M$501,"A2") -> 0 | D19: =COUNTIFS(Logbook!$K$2:$K$501,$A19,Logbook!$M$2:$M$501,"A") -> 0 | E19: =COUNTIFS(Logbook!$K$2:$K$501,$A19,Logbook!$M$2:$M$501,"S-TS") -> 0 | F19: =COUNTIFS(Logbook!$K$2:$K$501,$A19,Logbook!$M$2:$M$501,"S-TU") -> 0 | G19: =COUNTIFS(Logbook!$K$2:$K$501,$A19,Logbook!$M$2:$M$501,"P") -> 0 | H19: =COUNTIFS(Logbook!$K$2:$K$501,$A19,Logbook!$M$2:$M$501,"T") -> 0 | I19: =SUM(B19:H19) -> 0
A20: Aortic root replacement · Valve-sparing reimplantation (David) | B20: =COUNTIFS(Logbook!$K$2:$K$501,$A20,Logbook!$M$2:$M$501,"O") -> 0 | C20: =COUNTIFS(Logbook!$K$2:$K$501,$A20,Logbook!$M$2:$M$501,"A2") -> 0 | D20: =COUNTIFS(Logbook!$K$2:$K$501,$A20,Logbook!$M$2:$M$501,"A") -> 0 | E20: =COUNTIFS(Logbook!$K$2:$K$501,$A20,Logbook!$M$2:$M$501,"S-TS") -> 0 | F20: =COUNTIFS(Logbook!$K$2:$K$501,$A20,Logbook!$M$2:$M$501,"S-TU") -> 0 | G20: =COUNTIFS(Logbook!$K$2:$K$501,$A20,Logbook!$M$2:$M$501,"P") -> 0 | H20: =COUNTIFS(Logbook!$K$2:$K$501,$A20,Logbook!$M$2:$M$501,"T") -> 0 | I20: =SUM(B20:H20) -> 0
A21: Aortic valve replacement · Bicuspid AS at 64 (right anterior mini-thoracotomy) | B21: =COUNTIFS(Logbook!$K$2:$K$501,$A21,Logbook!$M$2:$M$501,"O") -> 0 | C21: =COUNTIFS(Logbook!$K$2:$K$501,$A21,Logbook!$M$2:$M$501,"A2") -> 0 | D21: =COUNTIFS(Logbook!$K$2:$K$501,$A21,Logbook!$M$2:$M$501,"A") -> 0 | E21: =COUNTIFS(Logbook!$K$2:$K$501,$A21,Logbook!$M$2:$M$501,"S-TS") -> 0 | F21: =COUNTIFS(Logbook!$K$2:$K$501,$A21,Logbook!$M$2:$M$501,"S-TU") -> 0 | G21: =COUNTIFS(Logbook!$K$2:$K$501,$A21,Logbook!$M$2:$M$501,"P") -> 0 | H21: =COUNTIFS(Logbook!$K$2:$K$501,$A21,Logbook!$M$2:$M$501,"T") -> 0 | I21: =SUM(B21:H21) -> 0
A22: Aortic valve replacement · Double valve: MS with mixed aortic disease | B22: =COUNTIFS(Logbook!$K$2:$K$501,$A22,Logbook!$M$2:$M$501,"O") -> 0 | C22: =COUNTIFS(Logbook!$K$2:$K$501,$A22,Logbook!$M$2:$M$501,"A2") -> 0 | D22: =COUNTIFS(Logbook!$K$2:$K$501,$A22,Logbook!$M$2:$M$501,"A") -> 0 | E22: =COUNTIFS(Logbook!$K$2:$K$501,$A22,Logbook!$M$2:$M$501,"S-TS") -> 0 | F22: =COUNTIFS(Logbook!$K$2:$K$501,$A22,Logbook!$M$2:$M$501,"S-TU") -> 0 | G22: =COUNTIFS(Logbook!$K$2:$K$501,$A22,Logbook!$M$2:$M$501,"P") -> 0 | H22: =COUNTIFS(Logbook!$K$2:$K$501,$A22,Logbook!$M$2:$M$501,"T") -> 0 | I22: =SUM(B22:H22) -> 0
A23: Aortic valve replacement · Endocarditis with root abscess | B23: =COUNTIFS(Logbook!$K$2:$K$501,$A23,Logbook!$M$2:$M$501,"O") -> 0 | C23: =COUNTIFS(Logbook!$K$2:$K$501,$A23,Logbook!$M$2:$M$501,"A2") -> 0 | D23: =COUNTIFS(Logbook!$K$2:$K$501,$A23,Logbook!$M$2:$M$501,"A") -> 0 | E23: =COUNTIFS(Logbook!$K$2:$K$501,$A23,Logbook!$M$2:$M$501,"S-TS") -> 0 | F23: =COUNTIFS(Logbook!$K$2:$K$501,$A23,Logbook!$M$2:$M$501,"S-TU") -> 0 | G23: =COUNTIFS(Logbook!$K$2:$K$501,$A23,Logbook!$M$2:$M$501,"P") -> 0 | H23: =COUNTIFS(Logbook!$K$2:$K$501,$A23,Logbook!$M$2:$M$501,"T") -> 0 | I23: =SUM(B23:H23) -> 0
A24: Aortic valve replacement · Older patient, calcific AS, TAVI unsuitable (hemisternotomy) | B24: =COUNTIFS(Logbook!$K$2:$K$501,$A24,Logbook!$M$2:$M$501,"O") -> 0 | C24: =COUNTIFS(Logbook!$K$2:$K$501,$A24,Logbook!$M$2:$M$501,"A2") -> 0 | D24: =COUNTIFS(Logbook!$K$2:$K$501,$A24,Logbook!$M$2:$M$501,"A") -> 0 | E24: =COUNTIFS(Logbook!$K$2:$K$501,$A24,Logbook!$M$2:$M$501,"S-TS") -> 0 | F24: =COUNTIFS(Logbook!$K$2:$K$501,$A24,Logbook!$M$2:$M$501,"S-TU") -> 0 | G24: =COUNTIFS(Logbook!$K$2:$K$501,$A24,Logbook!$M$2:$M$501,"P") -> 0 | H24: =COUNTIFS(Logbook!$K$2:$K$501,$A24,Logbook!$M$2:$M$501,"T") -> 0 | I24: =SUM(B24:H24) -> 0
A25: Aortic valve replacement · Young man with rheumatic AR (sternotomy) | B25: =COUNTIFS(Logbook!$K$2:$K$501,$A25,Logbook!$M$2:$M$501,"O") -> 0 | C25: =COUNTIFS(Logbook!$K$2:$K$501,$A25,Logbook!$M$2:$M$501,"A2") -> 0 | D25: =COUNTIFS(Logbook!$K$2:$K$501,$A25,Logbook!$M$2:$M$501,"A") -> 0 | E25: =COUNTIFS(Logbook!$K$2:$K$501,$A25,Logbook!$M$2:$M$501,"S-TS") -> 0 | F25: =COUNTIFS(Logbook!$K$2:$K$501,$A25,Logbook!$M$2:$M$501,"S-TU") -> 0 | G25: =COUNTIFS(Logbook!$K$2:$K$501,$A25,Logbook!$M$2:$M$501,"P") -> 0 | H25: =COUNTIFS(Logbook!$K$2:$K$501,$A25,Logbook!$M$2:$M$501,"T") -> 0 | I25: =SUM(B25:H25) -> 0
A26: Coronary artery bypass grafting · Single-vessel: LAD by MIDCAB (off-pump) | B26: =COUNTIFS(Logbook!$K$2:$K$501,$A26,Logbook!$M$2:$M$501,"O") -> 0 | C26: =COUNTIFS(Logbook!$K$2:$K$501,$A26,Logbook!$M$2:$M$501,"A2") -> 0 | D26: =COUNTIFS(Logbook!$K$2:$K$501,$A26,Logbook!$M$2:$M$501,"A") -> 0 | E26: =COUNTIFS(Logbook!$K$2:$K$501,$A26,Logbook!$M$2:$M$501,"S-TS") -> 0 | F26: =COUNTIFS(Logbook!$K$2:$K$501,$A26,Logbook!$M$2:$M$501,"S-TU") -> 0 | G26: =COUNTIFS(Logbook!$K$2:$K$501,$A26,Logbook!$M$2:$M$501,"P") -> 0 | H26: =COUNTIFS(Logbook!$K$2:$K$501,$A26,Logbook!$M$2:$M$501,"T") -> 0 | I26: =SUM(B26:H26) -> 0
A27: Coronary artery bypass grafting · Three-vessel, off-pump (OPCAB) | B27: =COUNTIFS(Logbook!$K$2:$K$501,$A27,Logbook!$M$2:$M$501,"O") -> 0 | C27: =COUNTIFS(Logbook!$K$2:$K$501,$A27,Logbook!$M$2:$M$501,"A2") -> 0 | D27: =COUNTIFS(Logbook!$K$2:$K$501,$A27,Logbook!$M$2:$M$501,"A") -> 0 | E27: =COUNTIFS(Logbook!$K$2:$K$501,$A27,Logbook!$M$2:$M$501,"S-TS") -> 0 | F27: =COUNTIFS(Logbook!$K$2:$K$501,$A27,Logbook!$M$2:$M$501,"S-TU") -> 0 | G27: =COUNTIFS(Logbook!$K$2:$K$501,$A27,Logbook!$M$2:$M$501,"P") -> 0 | H27: =COUNTIFS(Logbook!$K$2:$K$501,$A27,Logbook!$M$2:$M$501,"T") -> 0 | I27: =SUM(B27:H27) -> 0
A28: Coronary artery bypass grafting · Three-vessel, on-pump | B28: =COUNTIFS(Logbook!$K$2:$K$501,$A28,Logbook!$M$2:$M$501,"O") -> 0 | C28: =COUNTIFS(Logbook!$K$2:$K$501,$A28,Logbook!$M$2:$M$501,"A2") -> 0 | D28: =COUNTIFS(Logbook!$K$2:$K$501,$A28,Logbook!$M$2:$M$501,"A") -> 0 | E28: =COUNTIFS(Logbook!$K$2:$K$501,$A28,Logbook!$M$2:$M$501,"S-TS") -> 0 | F28: =COUNTIFS(Logbook!$K$2:$K$501,$A28,Logbook!$M$2:$M$501,"S-TU") -> 0 | G28: =COUNTIFS(Logbook!$K$2:$K$501,$A28,Logbook!$M$2:$M$501,"P") -> 0 | H28: =COUNTIFS(Logbook!$K$2:$K$501,$A28,Logbook!$M$2:$M$501,"T") -> 0 | I28: =SUM(B28:H28) -> 0
A29: Coronary artery bypass grafting · Two-vessel: LAD + OM (LIMA + radial) | B29: =COUNTIFS(Logbook!$K$2:$K$501,$A29,Logbook!$M$2:$M$501,"O") -> 0 | C29: =COUNTIFS(Logbook!$K$2:$K$501,$A29,Logbook!$M$2:$M$501,"A2") -> 0 | D29: =COUNTIFS(Logbook!$K$2:$K$501,$A29,Logbook!$M$2:$M$501,"A") -> 0 | E29: =COUNTIFS(Logbook!$K$2:$K$501,$A29,Logbook!$M$2:$M$501,"S-TS") -> 0 | F29: =COUNTIFS(Logbook!$K$2:$K$501,$A29,Logbook!$M$2:$M$501,"S-TU") -> 0 | G29: =COUNTIFS(Logbook!$K$2:$K$501,$A29,Logbook!$M$2:$M$501,"P") -> 0 | H29: =COUNTIFS(Logbook!$K$2:$K$501,$A29,Logbook!$M$2:$M$501,"T") -> 0 | I29: =SUM(B29:H29) -> 0
... A143: Angioplasty / stent (peripheral) | B143: =COUNTIFS(Logbook!$K$2:$K$501,$A143,Logbook!$M$2:$M$501,"O") -> 0 | C143: =COUNTIFS(Logbook!$K$2:$K$501,$A143,Logbook!$M$2:$M$501,"A2") -> 0 | D143: =COUNTIFS(Logbook!$K$2:$K$501,$A143,Logbook!$M$2:$M$501,"A") -> 0 | E143: =COUNTIFS(Logbook!$K$2:$K$501,$A143,Logbook!$M$2:$M$501,"S-TS") -> 0 | F143: =COUNTIFS(Logbook!$K$2:$K$501,$A143,Logbook!$M$2:$M$501,"S-TU") -> 0 | G143: =COUNTIFS(Logbook!$K$2:$K$501,$A143,Logbook!$M$2:$M$501,"P") -> 0 | H143: =COUNTIFS(Logbook!$K$2:$K$501,$A143,Logbook!$M$2:$M$501,"T") -> 0 | I143: =SUM(B143:H143) -> 0

Sheet Lists
A1: Levels | B1: Areas | C1: Urgency | D1: Sex | E1: AgeUnit | F1: Complication | G1: Clavien | H1: YesNo | I1: Outcome30 | J1: Hospitals | K1: Procedures
A2: O | B2: Adult cardiac | C2: Elective | D2: F | E2: years | F2: None | G2: I | H2: No | I2: Alive | J2: Kenyatta National Hospital | K2: Aortic root replacement · Bentall (composite valved graft)
A3: A2 | B3: Congenital cardiac | C3: Urgent | D3: M | E3: months | F3: Minor | G3: II | H3: Yes | I3: Died | J3: Moi Teaching and Referral Hospital | K3: Aortic root replacement · Ross (pulmonary autograft)
A4: A | B4: General thoracic | C4: Emergency | E4: days | F4: Major | G4: IIIa | I4: Unknown | J4: Aga Khan University Hospital, Nairobi | K4: Aortic root replacement · Valve-sparing reimplantation (David)
A5: S-TS | B5: Esophageal | C5: Salvage | G5: IIIb | J5: The Nairobi Hospital | K5: Aortic valve replacement · Bicuspid AS at 64 (right anterior mini-thoracotomy)
A6: S-TU | B6: Airway | G6: IVa | J6: Kenyatta University Teaching, Referral and Research Hospital | K6: Aortic valve replacement · Double valve: MS with mixed aortic disease
A7: P | B7: Vascular (open) | G7: IVb | J7: Mater Misericordiae Hospital | K7: Aortic valve replacement · Endocarditis with root abscess
A8: T | B8: Endovascular | G8: V | J8: MP Shah Hospital | K8: Aortic valve replacement · Older patient, calcific AS, TAVI unsuitable (hemisternotomy)
B9: Trauma | J9: Tenwek Hospital | K9: Aortic valve replacement · Young man with rheumatic AR (sternotomy)
B10: Access / other | J10: Kijabe Hospital | K10: Coronary artery bypass grafting · Single-vessel: LAD by MIDCAB (off-pump)
J11: Coast General Teaching and Referral Hospital | K11: Coronary artery bypass grafting · Three-vessel, off-pump (OPCAB)
J12: Jaramogi Oginga Odinga Teaching and Referral Hospital | K12: Coronary artery bypass grafting · Three-vessel, on-pump
J13: Other | K13: Coronary artery bypass grafting · Two-vessel: LAD + OM (LIMA + radial)
K14: Mitral valve replacement · Endocarditis on a rheumatic valve
K15: Mitral valve replacement · MS with severe TR (transseptal + tricuspid)
K16: Mitral valve replacement · Restenosis after balloon (right mini-thoracotomy)
K17: Mitral valve replacement · Rheumatic MS, AF, LA thrombus (sternotomy)
K18: Mitral valve replacement · Teenager with rheumatic MR: repair or replace
K19: Pericardiectomy · TB constrictive pericarditis (sternotomy)
K20: Tricuspid valve surgery · Replacement (sternotomy)
K21: Tricuspid valve surgery · Right mini-thoracotomy, beating heart
K22: Tricuspid valve surgery · Ring annuloplasty (sternotomy)
K23: Tracheal resection · Cervical (collar incision)
K24: Atrial septal defect closure · Secundum ASD: pericardial patch (sternotomy, bypass)
K25: Coarctation of the aorta repair · Coarctation: resection and extended end-to-end anastomosis (4th space)
... K128: Other (write in Diagnosis/Notes)
